bp,heart_rate,insulin_level,age,target
141,84,199,85,survived
104,66,234,50,not_survived
161,68,292,31,survived
150,83,130,38,survived
110,60,125,65,not_survived
172,103,242,37,survived
176,67,268,25,not_survived
164,83,207,24,not_survived
164,70,146,84,not_survived
177,110,174,34,survived
113,76,234,50,survived
92,67,243,65,not_survived
111,94,181,76,not_survived
142,94,161,39,survived
91,92,169,47,not_survived
177,118,105,55,not_survived
119,64,242,68,not_survived
127,101,189,71,survived
91,98,122,25,survived
153,117,61,44,survived
149,100,277,44,not_survived
110,87,122,38,not_survived
122,66,110,47,not_survived
165,68,122,45,survived
147,67,90,81,not_survived
111,71,196,86,not_survived
178,93,122,78,not_survived
138,92,11,65,not_survived
148,107,139,36,survived
131,114,229,21,survived
149,82,63,52,not_survived
169,83,233,81,survived
104,96,234,66,survived
151,94,135,34,not_survived
151,103,139,61,not_survived
136,99,62,47,survived
151,81,181,63,not_survived
140,86,227,23,survived
144,94,169,54,not_survived
153,60,207,41,survived
92,94,256,63,not_survived
140,96,212,70,survived
96,106,193,77,survived
110,73,132,80,survived
162,62,264,49,not_survived
128,60,289,50,survived
107,64,107,84,survived
93,85,207,35,not_survived
178,114,249,42,not_survived
149,73,153,71,survived